{
  "E0_Vpm": 400000.0,
  "ET": 1906967.1732885179,
  "ER": 2867420.096615698,
  "bare": {
    "Eapex": 629148.1995741591,
    "Emax": 629764.3558801004,
    "speak": 6.2517693806436885,
    "N": 324231
  },
  "PP": {
    "Eapex": 1297429.8419114333,
    "Emax": 1298677.0329752048,
    "speak": 6.2517693806436885,
    "N": 318806
  },
  "PT": {
    "Eapex": 785077.9924723459,
    "Emax": 785827.4635507346,
    "speak": 6.314601233715485,
    "N": 323484
  },
  "PP_r25": {
    "Eapex": 1288568.8603666252,
    "Emax": 1292468.4606893759,
    "speak": 6.8251100399238265,
    "N": 77123
  },
  "PP_r40": {
    "Eapex": 1289002.792197451,
    "Emax": 1292926.9198098928,
    "speak": 5.6627207580956025,
    "N": 202963
  },
  "PT_r25": {
    "Eapex": 779799.7542788048,
    "Emax": 782043.4881710935,
    "speak": 6.23606141737574,
    "N": 78914
  },
  "PT_r40": {
    "Eapex": 779077.3588668178,
    "Emax": 781319.3462378422,
    "speak": 6.23606141737574,
    "N": 204754
  }
}