{
  "domain": {
    "PP_r30": {
      "Eapex": 1284172.4610393601,
      "Emax": 1286287.8991262612,
      "speak": 6.346017160251383,
      "N": 50652,
      "it": 0
    },
    "PT_r30": {
      "Eapex": 917694.5322122093,
      "Emax": 919214.9709480933,
      "speak": 6.346017160251383,
      "N": 51390,
      "it": 0
    },
    "PP_r45": {
      "Eapex": 1279647.5946131973,
      "Emax": 1281714.3973385834,
      "speak": 6.220353454107791,
      "N": 117113,
      "it": 0
    },
    "PT_r45": {
      "Eapex": 870627.0334667751,
      "Emax": 872032.7727440923,
      "speak": 6.220353454107791,
      "N": 117847,
      "it": 0
    },
    "PP_r60": {
      "Eapex": 1279945.6515637955,
      "Emax": 1281994.396662381,
      "speak": 6.220353454107791,
      "N": 210123,
      "it": 9
    },
    "PT_r60": {
      "Eapex": 849135.399537846,
      "Emax": 850489.7872894101,
      "speak": 6.220353454107791,
      "N": 210945,
      "it": 9
    },
    "PP_r80": {
      "Eapex": 1275216.678078947,
      "Emax": 1277307.6980768489,
      "speak": 6.346017160251383,
      "N": 370019,
      "it": 11
    },
    "PT_r80": {
      "Eapex": 831420.2612141905,
      "Emax": 832775.877756393,
      "speak": 6.220353454107791,
      "N": 370757,
      "it": 12
    }
  },
  "mesh": {}
}