{
  "PP|r30|z-10,30|h0.1": {
    "cfg": "PP",
    "rmax": 30,
    "zmin": -10,
    "zmax": 30,
    "h": 0.1,
    "Eapex": 1301646.0335608136,
    "Emax": 1303230.7880134855,
    "speak_mm": 6.330309196983434,
    "N": 113742,
    "iters": 801,
    "t": 9.407820463180542
  },
  "PP|r30|h0.1": {
    "cfg": "PP",
    "rmax": 30,
    "h": 0.1,
    "Eapex": 1301619.5235300483,
    "Emax": 1303203.6709167785,
    "speak_mm": 6.23606141737574,
    "N": 113742,
    "iters": 801
  },
  "PP|r45|h0.1": {
    "cfg": "PP",
    "rmax": 45,
    "h": 0.1,
    "Eapex": 1296355.7319260219,
    "Emax": 1297926.3088172106,
    "speak_mm": 6.23606141737574,
    "N": 263592,
    "iters": 801
  }
}