{"2.975": 0.7696623568880234, "1.433": 0.6027884872232001, "0.472": 0.18375081400573684, "2.750": 0.7494720823098474, "4.250": 0.8558674317184723, "6.350": 0.9037134303917443, "8.250": 0.8822449035546442, "7.300": 0.8975575572575103, "9.000": 0.865694697303629, "5.450": 0.8956353112359993, "4.692": 0.8744239686714746, "5.435": 0.8955106660345646, "4.238": 0.8541787503227724, "1.829": 0.6518074170601355, "4.759": 0.8775631184470781, "1.719": 0.6393022873687612, "2.534": 0.7283779015111215, "6.783": 0.9027718233920352, "4.965": 0.8842719123194368, "7.773": 0.8910347679337112, "2.450": 0.7192407495622477, "4.292": 0.8574642344601896, "0.905": 0.5332197466723946, "6.050": 0.9028216697759359, "7.200": 0.8991979658222226, "6.600": 0.9036443520980255, "8.100": 0.8848399586952379, "5.350": 0.8937402049744806, "0.000": 0.03752442405912781, "5.513": 0.8963111944857282, "0.141": 0.08625588549360327, "1.689": 0.634739793647531, "7.721": 0.8914114156900439, "0.686": 0.5015444671859987, "1.810": 0.6497543305990305, "5.671": 0.898776270183344, "0.887": 0.5297076240209312, "1.370": 0.5954809869144744, "1.622": 0.6267937505130384, "1.399": 0.5988373636191735, "1.554": 0.6190730533765553, "3.720": 0.8249202819337288, "5.150": 0.8891936855356793, "6.800": 0.9026941993911025, "6.150": 0.9032502558307745, "7.800": 0.8906691865752902, "5.700": 0.8991734322162945, "7.250": 0.8985300563143063, "3.427": 0.805191308127326, "3.215": 0.7891795861954369, "6.729": 0.902502153732834, "3.505": 0.8104746843937147, "3.034": 0.7741897273611216, "4.994": 0.8851800820069483, "1.685": 0.6342061281728864, "1.077": 0.5556736209303432, "7.563": 0.8942963818652799, "3.624": 0.8189345959638844, "0.660": 0.4978031779512169, "1.295": 0.5848188769014473, "3.665": 0.8210873318198805, "6.900": 0.9015070724115344, "6.250": 0.9036616838736435, "7.900": 0.8885177735000176, "4.750": 0.8771630624324293, "7.350": 0.8971209633504258, "1.690": 0.6348174347655944, "2.310": 0.7052398905010816, "4.452": 0.8651988077248759, "5.947": 0.9020090276117424, "6.769": 0.9027812094775542, "6.508": 0.9031647495937123, "3.064": 0.77630477033738, "5.378": 0.8945135962049955, "8.735": 0.8714036547243188, "6.360": 0.9038337472384618, "4.261": 0.8561181277565322, "2.448": 0.7190547165832287, "4.400": 0.8633148221782192, "6.450": 0.9038109575935988, "7.450": 0.8959866924942647, "5.750": 0.9001301374543611, "8.200": 0.8832874123039757, "0.008": 0.03959377151882548, "1.171": 0.5692935982404687, "1.246": 0.5782702139992503}