{
  "bo": {
    "0": {
      "X": [
        2.975239086750108,
        1.4331041978082555,
        0.4720888005320177,
        2.75,
        4.25,
        6.3500000000000005,
        8.25,
        7.300000000000001,
        9.0,
        5.45
      ],
      "ybest": [
        0.7696623568880234,
        0.7696623568880234,
        0.7696623568880234,
        0.7696623568880234,
        0.8558674317184723,
        0.9037134303917443,
        0.9037134303917443,
        0.9037134303917443,
        0.9037134303917443,
        0.9037134303917443
      ],
      "final": 0.9037134303917443,
      "dstar": 6.3500000000000005
    },
    "1": {
      "X": [
        2.449650823741078,
        4.291947524568928,
        0.9054703734224616,
        6.050000000000001,
        9.0,
        7.2,
        6.6000000000000005,
        8.1,
        5.3500000000000005,
        0.0
      ],
      "ybest": [
        0.7192407495622477,
        0.8574642344601896,
        0.8574642344601896,
        0.9028216697759359,
        0.9028216697759359,
        0.9028216697759359,
        0.9036443520980255,
        0.9036443520980255,
        0.9036443520980255,
        0.9036443520980255
      ],
      "final": 0.9036443520980255,
      "dstar": 6.6000000000000005
    },
    "2": {
      "X": [
        1.398770963847129,
        1.553662802339318,
        3.7197481104959773,
        5.15,
        9.0,
        6.800000000000001,
        6.15,
        7.800000000000001,
        5.7,
        7.25
      ],
      "ybest": [
        0.5988373636191735,
        0.6190730533765553,
        0.8249202819337288,
        0.8891936855356793,
        0.8891936855356793,
        0.9026941993911025,
        0.9032502558307745,
        0.9032502558307745,
        0.9032502558307745,
        0.9032502558307745
      ],
      "final": 0.9032502558307745,
      "dstar": 6.15
    },
    "3": {
      "X": [
        0.6597265020032224,
        1.2946041277036189,
        3.665352753866867,
        5.45,
        9.0,
        6.9,
        6.25,
        7.9,
        4.75,
        7.3500000000000005
      ],
      "ybest": [
        0.4978031779512169,
        0.5848188769014473,
        0.8210873318198805,
        0.8956353112359993,
        0.8956353112359993,
        0.9015070724115344,
        0.9036616838736435,
        0.9036616838736435,
        0.9036616838736435,
        0.9036616838736435
      ],
      "final": 0.9036616838736435,
      "dstar": 6.25
    }
  },
  "rand": {
    "0": {
      "ybest": [
        0.8744239686714746,
        0.8955106660345646,
        0.8955106660345646,
        0.8955106660345646,
        0.8955106660345646,
        0.8955106660345646,
        0.8955106660345646,
        0.9027718233920352,
        0.9027718233920352,
        0.9027718233920352
      ],
      "final": 0.9027718233920352
    },
    "1": {
      "ybest": [
        0.8963111944857282,
        0.8963111944857282,
        0.8963111944857282,
        0.8963111944857282,
        0.8963111944857282,
        0.8963111944857282,
        0.898776270183344,
        0.898776270183344,
        0.898776270183344,
        0.898776270183344
      ],
      "final": 0.898776270183344
    },
    "2": {
      "ybest": [
        0.805191308127326,
        0.805191308127326,
        0.902502153732834,
        0.902502153732834,
        0.902502153732834,
        0.902502153732834,
        0.902502153732834,
        0.902502153732834,
        0.902502153732834,
        0.902502153732834
      ],
      "final": 0.902502153732834
    },
    "3": {
      "ybest": [
        0.6348174347655944,
        0.7052398905010816,
        0.8651988077248759,
        0.9020090276117424,
        0.9027812094775542,
        0.9031647495937123,
        0.9031647495937123,
        0.9031647495937123,
        0.9031647495937123,
        0.9038337472384618
      ],
      "final": 0.9038337472384618
    }
  }
}