{
  "seeds": [
    "0",
    "1",
    "2",
    "3"
  ],
  "bo_final": [
    0.9037134303917443,
    0.9036443520980255,
    0.9032502558307745,
    0.9036616838736435
  ],
  "rand_final": [
    0.9027718233920352,
    0.898776270183344,
    0.902502153732834,
    0.9038337472384618
  ],
  "bo_dstar": [
    6.3500000000000005,
    6.6000000000000005,
    6.15,
    6.25
  ],
  "bo_iters": [
    6,
    4,
    4,
    4
  ],
  "rand_iters": [
    1,
    1,
    3,
    3
  ],
  "threshold": 0.86
}