{
  "Vp20.0|h0.2|x6.0": {
    "Vp": 20.0,
    "h": 0.2,
    "xoff": 6.0,
    "N": 1213642,
    "it": 15,
    "s_left_mm": 3.544103893840721,
    "E_left": 690909.1470286918,
    "s_right_mm": 9.022266721759818,
    "E_right": 690909.1470843777,
    "Eapex": 0.00010057931168706749,
    "apex_frac": 1.4557530771087645e-10,
    "t": 6.3
  }
}