{
  "case": "d6",
  "N": 71079,
  "Emax_fem": 3634034.3404441327,
  "ds_fem": 1.04987482553734,
  "t": 13.798846006393433
}