{
  "single_d6_h0.300": {
    "d": 6,
    "h": 0.3,
    "N": 277759,
    "Eapex": 820830.879088923,
    "Emax": 842430.5751215871,
    "speak_mm": 6.179287777803447,
    "ds_mm": 0.10389752937613878,
    "t": 1.6
  },
  "single_d6_h0.225": {
    "d": 6,
    "h": 0.225,
    "N": 656655,
    "Eapex": 763047.0138795318,
    "Emax": 759651.1580856369,
    "speak_mm": 6.136346020269372,
    "ds_mm": 0.14683928691021364,
    "t": 3.7
  },
  "single_d6_h0.169": {
    "d": 6,
    "h": 0.169,
    "N": 1542353,
    "Eapex": 716059.833044125,
    "Emax": 720363.0382794699,
    "speak_mm": 5.657534670529111,
    "ds_mm": 0.6256506366504738,
    "t": 8.4
  },
  "double_h0.300": {
    "h": 0.3,
    "N": 321377,
    "s_left_mm": 3.726099914025688,
    "s_right_mm": 8.878893482328248,
    "Epeak": 734128.3538190804,
    "t": 1.8
  },
  "double_h0.225": {
    "h": 0.225,
    "N": 756249,
    "s_left_mm": 3.5236342948032795,
    "s_right_mm": 8.94713066557134,
    "Epeak": 711882.3244209212,
    "t": 4.4
  },
  "double_h0.169": {
    "h": 0.169,
    "N": 1766219,
    "s_left_mm": 3.5665753288952042,
    "s_right_mm": 9.020889946524841,
    "Epeak": 688755.0934832981,
    "t": 11.1
  }
}