{
  "single_d6_h0.3": {
    "kind": "single",
    "d": 6,
    "h": 0.3,
    "N": 269244,
    "Eapex": 736202.4898037362,
    "Emax": 792539.7122014619,
    "ds_mm": 0.9247245871433835,
    "tip": 1895100.343663777,
    "t": 1.3
  },
  "single_d6_h0.24": {
    "kind": "single",
    "d": 6,
    "h": 0.24,
    "N": 530532,
    "Eapex": 768151.954444946,
    "Emax": 780127.711471581,
    "ds_mm": 0.421215921948187,
    "tip": 1918231.6349823375,
    "t": 2.5
  },
  "single_d6_h0.2": {
    "kind": "single",
    "d": 6,
    "h": 0.2,
    "N": 899846,
    "Eapex": 706703.6782672873,
    "Emax": 725841.355898499,
    "ds_mm": 0.9066764021805201,
    "tip": 2457133.998325148,
    "t": 4.4
  }
}