{
  "surrogates": {
    "Linear": {
      "R2": 0.9412643310658555,
      "MAE_pct": 0.7588209548040621,
      "max_err_pct": 2.6235159733328604
    },
    "RandomForest": {
      "R2": 0.9430545932793878,
      "MAE_pct": 0.8509628656925922,
      "max_err_pct": 2.1886663802899076
    },
    "GPR-Matern52": {
      "R2": 0.9990174166056155,
      "MAE_pct": 0.06650402004183642,
      "max_err_pct": 0.4043717902696332
    }
  },
  "pareto_strict": [
    1,
    2,
    3,
    4,
    5,
    6
  ],
  "pareto_interval": [
    4,
    5,
    6,
    7,
    8
  ],
  "maximin_dstar": 3,
  "U": [
    0.0,
    0.4755643241681662,
    0.6692334817845965,
    0.8173954657835869,
    0.7256698218735467,
    0.5765175565012073,
    0.4210914842039568,
    0.2696379597923705,
    0.12838139056194442,
    0.0
  ],
  "steering_peak_d": 6,
  "steering_peak_ds": 0.847618165365209
}