{
  "d0|h0.2": {
    "d": 0,
    "h": 0.2,
    "N": 899846,
    "it": 13,
    "relres": 8.695181187019351e-11,
    "Eapex": 775345.191444673,
    "Emax": 778734.5511476025,
    "speak_mm": 6.192913084779149,
    "s_apex_mm": 6.283185307179585,
    "ds_mm": 0.09027222240043635,
    "t": 4.5
  },
  "d1|h0.2": {
    "d": 1,
    "h": 0.2,
    "N": 899846,
    "it": 14,
    "relres": 2.51801500898081e-11,
    "Eapex": 771914.7634424039,
    "Emax": 780519.3021950193,
    "speak_mm": 5.832746373251605,
    "s_apex_mm": 6.283185307179585,
    "ds_mm": 0.450438933927981,
    "t": 4.6
  },
  "d2|h0.2": {
    "d": 2,
    "h": 0.2,
    "N": 899846,
    "it": 13,
    "relres": 6.875558265506984e-11,
    "Eapex": 762527.0920128727,
    "Emax": 775474.9534594337,
    "speak_mm": 5.686071822453396,
    "s_apex_mm": 6.283185307179585,
    "ds_mm": 0.5971134847261895,
    "t": 4.4
  },
  "d3|h0.2": {
    "d": 3,
    "h": 0.2,
    "N": 899846,
    "it": 13,
    "relres": 9.271817060346131e-11,
    "Eapex": 749332.8887644052,
    "Emax": 766035.5407764991,
    "speak_mm": 5.573861944970149,
    "s_apex_mm": 6.283185307179585,
    "ds_mm": 0.7093233622094365,
    "t": 4.3
  },
  "d4|h0.2": {
    "d": 4,
    "h": 0.2,
    "N": 899846,
    "it": 13,
    "relres": 6.913944440944449e-11,
    "Eapex": 734626.1322129067,
    "Emax": 753568.2360757708,
    "speak_mm": 5.496917385918344,
    "s_apex_mm": 6.283185307179585,
    "ds_mm": 0.7862679212612411,
    "t": 4.4
  },
  "d5|h0.2": {
    "d": 5,
    "h": 0.2,
    "N": 899846,
    "it": 13,
    "relres": 8.037235674007081e-11,
    "Eapex": 720100.6073321394,
    "Emax": 739681.7151327308,
    "speak_mm": 5.452474495564827,
    "s_apex_mm": 6.283185307179585,
    "ds_mm": 0.830710811614759,
    "t": 4.6
  },
  "d6|h0.2": {
    "d": 6,
    "h": 0.2,
    "N": 899846,
    "it": 13,
    "relres": 6.508169737038644e-11,
    "Eapex": 706703.6782611619,
    "Emax": 725745.3615451813,
    "speak_mm": 5.435567141814377,
    "s_apex_mm": 6.283185307179585,
    "ds_mm": 0.847618165365209,
    "t": 4.5
  },
  "d7|h0.2": {
    "d": 7,
    "h": 0.2,
    "N": 899846,
    "it": 14,
    "relres": 2.2409164594618288e-11,
    "Eapex": 694814.5079452753,
    "Emax": 712661.2886797617,
    "speak_mm": 5.439549166455515,
    "s_apex_mm": 6.283185307179585,
    "ds_mm": 0.8436361407240713,
    "t": 4.4
  },
  "d8|h0.2": {
    "d": 8,
    "h": 0.2,
    "N": 899846,
    "it": 13,
    "relres": 9.173030584208804e-11,
    "Eapex": 684472.0360895039,
    "Emax": 700876.2957236129,
    "speak_mm": 5.4573440379578475,
    "s_apex_mm": 6.283185307179585,
    "ds_mm": 0.8258412692217376,
    "t": 4.4
  },
  "d9|h0.2": {
    "d": 9,
    "h": 0.2,
    "N": 899846,
    "it": 14,
    "relres": 2.888444668794522e-11,
    "Eapex": 675539.0422066406,
    "Emax": 690498.565883008,
    "speak_mm": 5.482866002144857,
    "s_apex_mm": 6.283185307179585,
    "ds_mm": 0.8003193050347283,
    "t": 4.6
  }
}