{
  "hemi_d6_h0.2": {
    "shape": "hemi",
    "d": 6,
    "h": 0.2,
    "N": 899846,
    "perim_mm": 12.566370614359172,
    "s_apex_mm": 6.283185307179585,
    "Eapex": 706703.6782666916,
    "Emax": 745082.5766571098,
    "speak_mm": 5.228597761719436,
    "ds_mm": 1.05458754546015,
    "ds_norm": 0.08392141039156589,
    "t": 5.5
  },
  "hemiprof_d6_h0.2": {
    "shape": "hemiprof",
    "d": 6,
    "h": 0.2,
    "N": 902340,
    "perim_mm": 12.566367013677718,
    "s_apex_mm": 6.283183506838859,
    "Eapex": 706720.5241619255,
    "Emax": 745005.8711091606,
    "speak_mm": 5.228136552098646,
    "ds_mm": 1.0550469547402135,
    "ds_norm": 0.08395799307722429,
    "t": 6.7
  },
  "90_d6_h0.2": {
    "shape": "90",
    "d": 6,
    "h": 0.2,
    "N": 902425,
    "perim_mm": 12.120636248219222,
    "s_apex_mm": 6.060318124109611,
    "Eapex": 562207.1793041187,
    "Emax": 602094.546214621,
    "speak_mm": 4.847562152869771,
    "ds_mm": 1.2127559712398397,
    "ds_norm": 0.10005712129328354,
    "t": 6.6
  },
  "hemi_d3_h0.2": {
    "shape": "hemi",
    "d": 3,
    "h": 0.2,
    "N": 899846,
    "perim_mm": 12.566370614359172,
    "s_apex_mm": 6.283185307179585,
    "Eapex": 749332.8887623679,
    "Emax": 783007.5635906876,
    "speak_mm": 5.274773160769609,
    "ds_mm": 1.0084121464099762,
    "ds_norm": 0.0802468888875279,
    "t": 5.6
  },
  "hemi_d9_h0.2": {
    "shape": "hemi",
    "d": 9,
    "h": 0.2,
    "N": 899846,
    "perim_mm": 12.566370614359172,
    "s_apex_mm": 6.283185307179585,
    "Eapex": 675539.0422071348,
    "Emax": 708432.0958335351,
    "speak_mm": 5.234954618672978,
    "ds_mm": 1.0482306885066075,
    "ds_norm": 0.08341554778822369,
    "t": 5.1
  },
  "90_d3_h0.2": {
    "shape": "90",
    "d": 3,
    "h": 0.2,
    "N": 902425,
    "perim_mm": 12.120636248219222,
    "s_apex_mm": 6.060318124109611,
    "Eapex": 590732.6892817037,
    "Emax": 627199.8624686437,
    "speak_mm": 4.887488930671976,
    "ds_mm": 1.1728291934376343,
    "ds_norm": 0.09676300562274094,
    "t": 6.6
  },
  "90_d9_h0.2": {
    "shape": "90",
    "d": 9,
    "h": 0.2,
    "N": 902425,
    "perim_mm": 12.120636248219222,
    "s_apex_mm": 6.060318124109611,
    "Eapex": 539469.7074607727,
    "Emax": 575561.7143497785,
    "speak_mm": 4.849884147358244,
    "ds_mm": 1.2104339767513668,
    "ds_norm": 0.09986554764641214,
    "t": 6.4
  },
  "70_d6_h0.2": {
    "shape": "70",
    "d": 6,
    "h": 0.2,
    "N": 902581,
    "perim_mm": 12.271805546516696,
    "s_apex_mm": 6.135902773258348,
    "Eapex": 513867.10779897845,
    "Emax": 533399.9218196884,
    "speak_mm": 4.2964270904492,
    "ds_mm": 1.8394756828091479,
    "ds_norm": 0.14989446140069226,
    "t": 6.8
  },
  "110_d6_h0.2": {
    "shape": "110",
    "d": 6,
    "h": 0.2,
    "N": 902481,
    "perim_mm": 12.364841195343375,
    "s_apex_mm": 6.182420597671688,
    "Eapex": 615950.1986126209,
    "Emax": 661418.9035787028,
    "speak_mm": 4.906415508905567,
    "ds_mm": 1.2760050887661205,
    "ds_norm": 0.10319623750984093,
    "t": 6.7
  },
  "70_d9_h0.2": {
    "shape": "70",
    "d": 9,
    "h": 0.2,
    "N": 902581,
    "perim_mm": 12.271805546516696,
    "s_apex_mm": 6.135902773258348,
    "Eapex": 494156.6331395643,
    "Emax": 511642.65470021905,
    "speak_mm": 4.288674504327687,
    "ds_mm": 1.847228268930661,
    "ds_norm": 0.15052620104911862,
    "t": 7.0
  },
  "110_d9_h0.2": {
    "shape": "110",
    "d": 9,
    "h": 0.2,
    "N": 902481,
    "perim_mm": 12.364841195343375,
    "s_apex_mm": 6.182420597671688,
    "Eapex": 589766.1196158394,
    "Emax": 630326.041970778,
    "speak_mm": 4.908724350046536,
    "ds_mm": 1.2736962476251525,
    "ds_norm": 0.1030095112022004,
    "t": 6.6
  }
}